Key,en,nl,ru,de,pt,cs,es,fi,fr,ja,ko,lt,pl,tr,zh,it,sv,no
GAME_TITLE,Battle of the Bookworms,Strijd der Boekenwurmen,Битва книжных червей,Kampf der Bücherwürmer,A Batalha dos Bibliófilos,Bitva knihomolů,La batalla de los ratones de biblioteca,Kirjamatojen taistelu,La bataille des rats de bibliothèque,本の虫の戦い,책벌레들의 전투,Knygų kirminų mūšis,Bitwa Moli Książkowych,Kitap Kurdu Savaşı,书虫之战,Battaglia dei topi di biblioteca,Bokmaskarnas kamp,Bokormenes kamp
START_BUTTON,Start,Begin,Начинать,Start,Começar,Start,Comenzar,Aloita,Commencer,始める,시작,Pradėti,Start,Başlangıç,开始,Inizio,Start,Start
OPTIONS_BUTTON,Options,Opties,Параметры,Optionen,Opções,Možnosti,Opciones,Asetukset,Options,オプション,옵션,Parinktys,Opcje,Seçenekler,选项,Opzioni,Alternativ,Alternativer
EXIT_BUTTON,Exit,Afsluiten,Выключить,Ausschalten,Desligar,Vypnout,Desconectar,Sammuta,Éteindre,スイッチを切る,끄다,Išjungti,Wyłączać,Kapat,关闭,Spegnere,Stänga av,Slå av
DEMO_TEXT,"This is a Demo build, some features may be limited. Version: ","Dit is een demoversie, sommige functies zijn mogelijk beperkt. Versie:","Это демо-сборка, некоторые функции могут быть ограничены. Версия:","Dies ist eine Demoversion, einige Funktionen sind möglicherweise eingeschränkt. Version:",Esta é uma versão de demonstração; alguns recursos podem ser limitados. Versão:,"Toto je demo verze, některé funkce mohou být omezené. Verze:",Esta es una versión de demostración; algunas funciones pueden estar limitadas. Versión:,"Tämä on demoversio, joten jotkin ominaisuudet saattavat olla rajoitettuja. Versio:","Ceci est une version de démonstration, certaines fonctionnalités peuvent être limitées. Version :",これはデモビルドであり、一部の機能が制限されている可能性があります。バージョン:,데모 빌드이므로 일부 기능이 제한될 수 있습니다. 버전:,"Tai demonstracinė versija, kai kurios funkcijos gali būti ribotos. Versija:","To wersja demonstracyjna, niektóre funkcje mogą być ograniczone. Wersja:","Bu bir Demo sürümüdür, bazı özellikler sınırlı olabilir. Sürüm:",这是一个演示版本，部分功能可能受限。版本：,"Questa è una versione demo, alcune funzionalità potrebbero essere limitate. Versione:","Detta är en demoversion, vissa funktioner kan vara begränsade. Version:","Dette er en demoversjon, noen funksjoner kan være begrenset. Versjon:"
RETURN_BUTTON,Previous,Vorig,Предыдущий,Vorherige,Anterior,Předchozí,Anterior,Edellinen,Précédent,前の,이전의,Ankstesnis,Poprzedni,Öncesi,以前的,Precedente,Tidigare,Tidligere
SAVE_BUTTON,Save,Opslaan,Сохранять,Speichern,Salvar,Uložit,Ahorrar,Tallentaa,Sauvegarder,保存,구하다,Išsaugoti,Ratować,Kaydetmek,节省,Salva,Spara,Spare
AUDIO_SETTINGS,Audio Settings,Audio-instellingen,Настройки звука,Audioeinstellungen,Configurações de áudio,Nastavení zvuku,Configuración de audio,Ääniasetukset,Paramètres audio,オーディオ設定,오디오 설정,Garso nustatymai,Ustawienia audio,Ses Ayarları,音频设置,Impostazioni audio,Ljudinställningar,Lydinnstillinger
MUSIC_VOLUME,Music Volume,Muziekvolume,Громкость музыки,Musiklautstärke,Volume da música,Hlasitost hudby,Volumen de la música,Musiikin äänenvoimakkuus,Volume musical,音楽の音量,음악 볼륨,Muzikos garsumas,Głośność muzyki,Müzik Sesi,音乐音量,Volume della musica,Musikvolym,Musikkvolum
OTHER_VOLUME,Other Volume,Ander volume,Другой том,Anderer Band,Outro Volume,Jiný svazek,Otro volumen,Muu määrä,Autre volume,その他の巻,기타 볼륨,Kitas tomas,Inny wolumen,Diğer Cilt,其他卷,Altro volume,Annan volym,Annet volum
GAMEPLAY_SETTINGS,Gameplay Settings,Gameplay-instellingen,Настройки игрового процесса,Gameplay-Einstellungen,Configurações de jogo,Nastavení hry,Configuración de juego,Peliasetukset,Paramètres de jeu,ゲームプレイ設定,게임플레이 설정,Žaidimo nustatymai,Ustawienia rozgrywki,Oyun Ayarları,游戏设置,Impostazioni di gioco,Spelinställningar,Spillinnstillinger
SCREEN_MOVEMENT,Screen Movement,Schermbeweging,Движение экрана,Bildschirmbewegung,Movimento na tela,Pohyb obrazovky,Movimiento de pantalla,Näytön liike,Mouvement de l'écran,画面の動き,화면 이동,Ekrano judėjimas,Ruch ekranu,Ekran Hareketi,屏幕移动,Movimento dello schermo,Skärmrörelse,Skjermbevegelse
USE_BOTH_OPTION,Use Both,Gebruik beide,Используйте оба варианта,Beide verwenden,Use ambos,Použijte obojí,Utilice ambos,Käytä molempia,Utilisez les deux,両方を使用する,둘 다 사용하세요,Naudokite abu,Użyj obu,Her ikisini de kullanın,两者兼备,Usa entrambi,Använd båda,Bruk begge
ONLY_DRAG_OPTION,Only use drag movement,Gebruik alleen sleepbeweging,Используйте только перетаскивание,Verwenden Sie ausschließlich die Drag-Bewegung.,Use apenas o movimento de arrastar.,Používejte pouze pohyb tažením,Utilice únicamente el movimiento de arrastre.,Käytä vain vetävää liikettä,Utilisez uniquement le mouvement de glissement.,ドラッグ移動のみを使用する,드래그 동작만 사용하세요,Naudokite tik vilkimo judesį,Używaj tylko ruchu przeciągania,Sadece sürükleme hareketini kullanın,仅使用拖拽动作,Utilizzare solo il movimento di trascinamento,Använd endast dragrörelser,Bruk kun drabevegelse
ONLY_SIDES_OPTION,Only use screen sides movement,Gebruik alleen schermzijden beweging,Используйте только движение по краям экрана.,Verwenden Sie ausschließlich die seitliche Bildschirmbewegung.,Utilize apenas o movimento das laterais da tela,Používejte pouze pohyb po stranách obrazovky,Utilice únicamente el movimiento de los laterales de la pantalla.,Käytä vain näytön sivuille suuntautuvaa liikettä,Utilisez uniquement les mouvements latéraux de l'écran,画面の左右の動きのみを使用する,화면 측면 이동만 사용하세요,Naudokite tik ekrano šonų judėjimą,Używaj tylko ruchów bocznych ekranu,Sadece ekran kenarlarını hareket ettirin,仅使用屏幕两侧移动,Utilizzare solo il movimento laterale dello schermo,Använd endast förflyttning av skärmens sidor,Bruk kun bevegelse av skjermens sider
DRAG_SENSITIVITY,Drag Sensitivity,Sleepgevoeligheid,Чувствительность перетаскивания,Widerstandsempfindlichkeit,Sensibilidade ao arrasto,Citlivost tažení,Sensibilidad al arrastre,Vetoherkkyys,Sensibilité à la traînée,ドラッグ感度,드래그 감도,Vilkimo jautrumas,Czułość przeciągania,Sürükleme Hassasiyeti,阻力灵敏度,Sensibilità al trascinamento,Motståndskänslighet,Luftmotstandsfølsomhet
SIDES_SENSITIVITY,Sides Sensitivity,Gevoeligheid van de zijkanten,Чувствительность сторон,Seitenempfindlichkeit,Sensibilidade Lateral,Citlivost stran,Sensibilidad lateral,Sivujen herkkyys,Sensibilité latérale,側面の感度,측면 민감도,Šonų jautrumas,Wrażliwość na boki,Yan Hassasiyet,侧向敏感度,Sensibilità ai lati,Sidornas känslighet,Sidefølsomhet
GRAPHICS_SETTINGS,Graphics Settings,Grafische instellingen,Настройки графики,Grafikeinstellungen,Configurações gráficas,Nastavení grafiky,Configuración de gráficos,Grafiikka-asetukset,Paramètres graphiques,グラフィック設定,그래픽 설정,Grafikos nustatymai,Ustawienia grafiki,Grafik Ayarları,图形设置,Impostazioni grafiche,Grafikinställningar,Grafikkinnstillinger
DISPLAY_MODE,Display Mode,Weergavemodus,Режим отображения,Anzeigemodus,Modo de exibição,Režim zobrazení,Modo de visualización,Näyttötila,Mode d'affichage,表示モード,디스플레이 모드,Rodymo režimas,Tryb wyświetlania,Görüntüleme Modu,显示模式,Modalità di visualizzazione,Visningsläge,Visningsmodus
WINDOWED_OPTION,Windowed,Venster,С окном,Fenster,Com janelas,Okénkový,Ventana,Ikkunallinen,Fenêtre,窓付き,창문,Languotas,Okienkowy,Pencereli,窗口,Finestrato,Fönsterförsett,Vindu
FULLSCREEN_OPTION,Fullscreen,Volledig scherm,Полноэкранный,Vollbild,Tela cheia,Celá obrazovka,Pantalla completa,Koko näyttö,Plein écran,全画面表示,전체 화면,Visas ekranas,Pełny ekran,Tam ekran,全屏,A schermo intero,Helskärm,Fullskjerm
SCREEN_RESOLUTION,Screen Resolution,Schermresolutie,Разрешение экрана,Bildschirmauflösung,Resolução da tela,Rozlišení obrazovky,Resolución de pantalla,Näytön resoluutio,Résolution d'écran,画面解像度,화면 해상도,Ekrano raiška,Rozdzielczość ekranu,Ekran Çözünürlüğü,屏幕分辨率,Risoluzione dello schermo,Skärmupplösning,Skjermoppløsning
CUSTOM_OPTION,Custom,Aangepast,Обычай,Brauch,Personalizado,Zvyk,Costumbre,Mukautettu,Coutume,カスタム,관습,Pasirinktinis,Zwyczaj,Gelenek,风俗,Costume,Beställnings,Skikk
LIMIT_FPS,Limit FPS,Limiet FPS,Ограничить FPS,FPS-Limit,Limitar FPS,Omezení FPS,Límite de FPS,Rajoita FPS:ää,Limiter les FPS,FPSを制限する,FPS 제한,Apriboti FPS,Limit FPS,FPS'yi sınırla,限制帧率,Limita FPS,Begränsa FPS,Begrens FPS
NO_LIMIT_OPTION,No Limit,Geen limiet,Без ограничений,Keine Grenzen,Sem limite,Bez limitu,Sin límite,Ei rajaa,Aucune limite,制限なし,제한 없음,Be apribojimų,Bez limitu,Sınırsız,无限制,Nessun limite,Ingen gräns,Ingen grense
LIMIT_FPS_OPTION,Limit FPS,Limiet FPS,Ограничить FPS,FPS-Limit,Limitar FPS,Omezení FPS,Límite de FPS,Rajoita FPS:ää,Limiter les FPS,FPSを制限する,FPS 제한,Apriboti FPS,Limit FPS,FPS'yi sınırla,限制帧率,Limita FPS,Begränsa FPS,Begrens FPS
VSYNC_LIMIT_OPTION,Vsync Limit,Vsync-limiet,Предел вертикальной синхронизации,Vsync-Limit,Limite de sincronização vertical,Limit Vsync,Límite de Vsync,Vsync-raja,Limite de synchronisation verticale,垂直同期制限,수직 동기화 제한,Vsync riba,Limit synchronizacji pionowej,Vsync Sınırı,垂直同步限制,Limite Vsync,Vsync-gräns,Vsync-grense
VSYNC_ADAPTIVE_OPTION,Vsync Adaptive,Vsync Adaptief,Vsync Adaptive,Vsync Adaptive,Sincronização vertical adaptativa,Adaptivní Vsync,Sincronización vertical adaptativa,Vsync Adaptive,Vsync adaptatif,Vsyncアダプティブ,Vsync 적응형,Vsync Adaptive,Vsync Adaptacyjny,Vsync Uyarlamalı,垂直同步自适应,Vsync adattivo,Vsync Adaptiv,Vsync Adaptiv
VSYNC_MAILBOX_OPTION,Vsync Mailbox,Vsync-mailbox,Vsync почтовый ящик,Vsync Mailbox,Caixa de correio Vsync,Vsync poštovní schránka,Buzón de Vsync,Vsync-postilaatikko,Boîte aux lettres Vsync,Vsyncメールボックス,Vsync 사서함,Vsync pašto dėžutė,Skrzynka pocztowa Vsync,Vsync Posta Kutusu,Vsync 邮箱,Casella di posta Vsync,Vsync-brevlåda,Vsync-postkasse
FPS_LIMIT,FPS Limit,FPS-limiet,Предел FPS,FPS-Limit,Limite de FPS,Limit FPS,Límite de FPS,FPS-rajoitus,Limite FPS,FPS制限,FPS 제한,FPS limitas,Limit FPS,FPS Sınırı,FPS限制,Limite FPS,FPS-gräns,FPS-grense
ACCESSIBILITY_SETTINGS,Accessibility Settings,Toegankelijkheidsinstellingen,Настройки специальных возможностей,Barrierefreiheitseinstellungen,Configurações de acessibilidade,Nastavení přístupnosti,Configuración de accesibilidad,Esteettömyysasetukset,Paramètres d'accessibilité,アクセシビリティ設定,접근성 설정,Prieinamumo nustatymai,Ustawienia ułatwień dostępu,Erişilebilirlik Ayarları,辅助功能设置,Impostazioni di accessibilità,Tillgänglighetsinställningar,Tilgjengelighetsinnstillinger
CONTROLLER_MODE,Controller Mode,Controller-modus,Режим контроллера,Controller-Modus,Modo de controle,Režim ovladače,Modo controlador,Ohjaintila,Mode manette,コントローラーモード,컨트롤러 모드,Valdiklio režimas,Tryb kontrolera,Denetleyici Modu,控制器模式,Modalità controller,Kontrollläge,Kontrollermodus
DISABLED_OPTION,Disabled,Gehandicapt,Неполноценный,Deaktiviert,Desabilitado,Zakázáno,Desactivado,Liikuntarajoitteinen,Désactivé,無効,장애가 있는,Neįgalus,Wyłączony,Engelli,已禁用,Disabili,Funktionshindrad,Funksjonshemmet
ENABLED_OPTION,Enabled,Ingeschakeld,Включено,Ermöglicht,Habilitado,Povoleno,Activado,Käytössä,Activé,有効,활성화됨,Įjungta,Włączony,Etkinleştirilmiş,已启用,Abilitato,Aktiverad,Aktivert
HIGHLIGHT_COLOR,Highlight Color,Markeerkleur,Цвет выделения,Hervorhebungsfarbe,Cor de destaque,Barva zvýraznění,Resaltar color,Korostusväri,Couleur de surbrillance,ハイライトカラー,하이라이트 색상,Paryškinimo spalva,Podświetl kolor,Vurgu Rengi,高亮颜色,Colore evidenziato,Markeringsfärg,Uthevingsfarge
RESET_COLOR_BUTTON,Reset to Default Color,Resetten naar standaardkleur,Сбросить до цвета по умолчанию,Auf Standardfarbe zurücksetzen,Redefinir para a cor padrão,Obnovit výchozí barvu,Restablecer color predeterminado,Palauta oletusväri,Réinitialiser la couleur par défaut,デフォルトの色にリセット,기본 색상으로 재설정,Atkurti numatytąją spalvą,Przywróć domyślny kolor,Varsayılan Renge Sıfırla,重置为默认颜色,Ripristina colore predefinito,Återställ till standardfärg,Tilbakestill til standardfarge
HEMOPHOBIA_MODE,Hemophobia Mode,Hemofobie-modus,Режим гемофобии,Hämophobie-Modus,Modo Hemofobia,Režim hemofobie,Modo hemofobia,Hemofobia-tila,Mode hémophobie,血液恐怖症モード,혈액공포증 모드,Hemofobijos režimas,Tryb hemofobii,Hemofobi Modu,恐血症模式,Modalità emofobia,Hemofobi-läge,Hemofobi-modus
LOADING_GAME,Loading,Bezig met laden,Загрузка,Laden,Carregando,Načítání,Cargando,Ladataan,Chargement,読み込み中,로딩 중,Kraunama,Załadunek,Yükleniyor,加载中,Caricamento,Belastning,Laster
LANGUAGE,Language,Taal,Язык,Sprache,Linguagem,Jazyk,Idioma,Kieli,Langue,言語,언어,Kalba,Język,Dil,语言,Lingua,Språk,Språk
CHANGES_WARNING,Changes Warning!,Waarschuwing voor wijzigingen!,"Внимание, изменения!",Änderungshinweis!,Aviso de alterações!,Varování před změnami!,¡Aviso de cambios!,Muutokset Varoitus!,"Attention, changements !",変更の警告!,변경 경고!,Įspėjimas dėl pakeitimų!,Ostrzeżenie o zmianach!,Değişiklik Uyarısı!,变更警告！,Attenzione alle modifiche!,Ändringar Varning!,Endringer Advarsel!
CHANGES_DESCRIPTION,"You have unsaved changes, do you wish to exit or save these changes? You have the following section(s) with changes:",U heeft nog niet-opgeslagen wijzigingen. Wilt u deze wijzigingen opslaan of afsluiten? U heeft de volgende sectie(s) met wijzigingen:,У вас есть несохранённые изменения. Вы хотите выйти или сохранить их? Изменения в следующих разделах:,Sie haben ungespeicherte Änderungen. Möchten Sie den Vorgang abbrechen oder die Änderungen speichern? Folgende Abschnitte enthalten Änderungen:,Você tem alterações não salvas. Deseja sair ou salvar essas alterações? Você tem as seguintes seções com alterações:,"Máte neuložené změny, chcete ukončit, nebo tyto změny uložit? Máte následující sekce se změnami:","Tienes cambios sin guardar, ¿deseas salir o guardar estos cambios? Tienes las siguientes secciones con cambios:",Sinulla on tallentamattomia muutoksia. Haluatko poistua vai tallentaa muutokset? Seuraavat osiot sisältävät muutoksia:,Vous avez des modifications non enregistrées. Souhaitez-vous quitter ou enregistrer ces modifications ? Les sections suivantes contiennent des modifications :,保存されていない変更があります。終了するか、変更を保存しますか? 変更が加えられたセクションは次のとおりです:,"저장하지 않은 변경 사항이 있습니다. 종료하시겠습니까, 아니면 변경 사항을 저장하시겠습니까? 다음 섹션에 변경 사항이 있습니다.","Turite neišsaugotų pakeitimų. Ar norite išeiti, ar išsaugoti šiuos pakeitimus? Turite šiuos skyrius su pakeitimais:","Masz niezapisane zmiany. Czy chcesz je zamknąć, czy zapisać? Zmiany dotyczą następujących sekcji:",Kaydedilmemiş değişiklikleriniz var. Bu değişiklikleri kaydetmek mi yoksa çıkmak mı istersiniz? Değişikliklerin bulunduğu aşağıdaki bölüm(ler)iniz var:,您有未保存的更改，是要退出还是保存这些更改？您有以下部分进行了更改：,Hai delle modifiche non salvate. Desideri uscire o salvarle? Hai le seguenti sezioni con modifiche:,"Du har ändringar som inte sparats, vill du avsluta eller spara dessa ändringar? Du har följande avsnitt med ändringar:",Du har ulagrede endringer. Vil du avslutte eller lagre disse endringene? Du har følgende seksjon(er) med endringer:
DEFAULT,Default,Standaard,По умолчанию,Standard,Padrão,Výchozí,Por defecto,Oletus,Défaut,デフォルト,기본,Numatytasis,Domyślny,Varsayılan,默认,Predefinito,Standard,Misligholde
PAUSED,Paused,Gepauzeerd,Приостановлено,Angehalten,Em pausa,Pozastaveno,Pausa,Keskeytetty,En pause,一時停止,일시 중지됨,Pristabdyta,Wstrzymano,Duraklatıldı,暂停,In pausa,Pausad,Pauset
REFRESH_BUTTON,Refresh,Vernieuwen,Обновить,Aktualisieren,Atualizar,Obnovit,Refrescar,Päivitä,Rafraîchir,リフレッシュ,새로 고치다,Atnaujinti,Odświeżać,Yenile,刷新,Aggiorna,Uppdatera,Forfriske
METEOR_SHOWER,Meteor Shower,Meteorenregen,Метеоритный дождь,Meteorstrom,Chuva de meteoros,Meteorický roj,Lluvia de meteoritos,Meteoriparvi,Pluie de météores,流星群,유성우,Meteorų lietus,Deszcz meteorów,Meteor Yağmuru,流星雨,Pioggia di meteoriti,Meteorregn,Meteorsverm
COOLDOWN,Cooldown,Afkoelen,Остывать,Abklingzeit,Esfriar,Zchlazovací doba,Enfriarse,Jäähdyttelyaika,Refroidir,クールダウン,쿨다운,Atvėsimas,Czas odnowienia,Sakin ol,冷却,Raffreddare,Nedkylning,Nedkjøling
METEOR_SHOWER_DESCRIPTION,Call upon the master Shamans to unleash a powerful Meteor Shower.,Roep de meester-sjamanen aan om een ​​krachtige meteorenregen te ontketenen.,"Призовите мастеров-шаманов, чтобы они вызвали мощный метеоритный дождь.","Rufe die Meisterschamanen an, um einen mächtigen Meteoritenschauer zu entfesseln.",Invoque os mestres xamãs para desencadear uma poderosa chuva de meteoros.,"Zavolejte mistry šamany, aby seslali silný meteorický roj.",Invoquen a los maestros chamanes para que desaten una poderosa lluvia de meteoritos.,Kutsu shamaanimestarit laukaisemaan voimakas meteoriparvi.,Faites appel aux maîtres chamans pour qu'ils déclenchent une puissante pluie de météores.,マスターシャーマンを召喚して、強力な流星群を解き放ちましょう。,위대한 주술사에게 강력한 유성우를 내려달라고 요청하세요.,"Pakvieskite meistrus šamanus, kad paleistų galingą meteorų lietų.","Wezwij mistrzów szamanizmu, aby uwolnili potężny deszcz meteorów.",Güçlü bir Meteor Yağmuru başlatmak için usta Şamanları çağırın.,召唤萨满大师，释放威力强大的流星雨。,Invoca i maestri sciamani per scatenare una potente pioggia di meteoriti.,Kalla på mästershamanerna att släppa lös en kraftfull meteorregn.,Påkall sjamanmesterne til å slippe løs en kraftig meteorsverm.
EMPOWERED,Empowered,Bevoegd,Уполномоченный,Befähigt,Empoderados,Zmocněný,Empoderados,Voimaantunut,Autonomisé,エンパワーメント,강화됨,Įgalintas,Wzmocniony,Güçlendirilmiş,赋权,Potenziato,Bemyndigad,Styrket
AGE_UP,Age up,Leeftijd omhoog,Возраст вверх,Alter auf,aumentar de idade,Věk nahoru,Envejecer,Ikä ylöspäin,Vieillir,年齢を重ねる,나이가 들다,Amžius aukštyn,Starzeć się,Yaşlanmak,年龄增长,Invecchiare,Åldras upp,Alder opp
AGE_UP_DESCRIPTION,Upgrades the age you're in. Age upgrading will improve units drastically and empower your special ability.,Upgradet het tijdperk waarin je je bevindt. Door een tijdperk te upgraden worden eenheden drastisch verbeterd en wordt je speciale vaardigheid versterkt.,"Улучшает эпоху, в которой вы находитесь. Улучшение эпохи значительно улучшит юнитов и усилит ваши особые способности.","Verbessert das Zeitalter, in dem du dich befindest. Ein Zeitalter-Upgrade verbessert Einheiten drastisch und stärkt deine Spezialfähigkeit.",Aprimora a era em que você está. A evolução de era melhorará drasticamente suas unidades e fortalecerá sua habilidade especial.,"Vylepšuje věk, ve kterém se nacházíte. Vylepšování věku drasticky vylepší jednotky a posílí vaše speciální schopnosti.",Mejora la era en la que te encuentras. Subir de era mejorará drásticamente tus unidades y potenciará tu habilidad especial.,Päivittää ikäluokkaasi. Ikäluokan päivittäminen parantaa yksiköitä huomattavasti ja vahvistaa erikoiskykyjäsi.,Améliorez votre ère. Le passage à une nouvelle ère améliorera considérablement vos unités et renforcera votre capacité spéciale.,あなたの時代をアップグレードします。時代をアップグレードすると、ユニットが大幅に改善され、特殊能力が強化されます。,현재 연령을 업그레이드합니다. 연령을 업그레이드하면 유닛이 크게 향상되고 특수 능력이 강화됩니다.,Atnaujina jūsų amžių. Amžiaus atnaujinimas drastiškai pagerins vienetus ir sustiprins jūsų specialiuosius gebėjimus.,"Ulepsza epokę, w której się znajdujesz. Ulepszenie epoki znacząco ulepszy jednostki i wzmocni twoje specjalne umiejętności.","Bulunduğunuz çağı yükseltir. Çağ yükseltmesi, birimlerinizi önemli ölçüde geliştirecek ve özel yeteneğinizi güçlendirecektir.",提升你所处的时代。时代升级将大幅提升单位的性能，并增强你的特殊能力。,Aggiorna l'era in cui ti trovi. L'aggiornamento dell'era migliorerà drasticamente le unità e potenzierà la tua abilità speciale.,Uppgraderar den ålder du befinner dig i. Åldersuppgradering förbättrar enheterna drastiskt och stärker din specialförmåga.,Oppgraderer alderen du er i. Aldersoppgradering vil forbedre enhetene drastisk og styrke spesialevnen din.
CURRENTLY_UNAVAILABLE,Currently unavailable,Momenteel niet beschikbaar,В настоящее время недоступно,Derzeit nicht verfügbar,Atualmente indisponível,Momentálně nedostupné,Actualmente no disponible,Tällä hetkellä ei saatavilla,Actuellement indisponible,現在利用できません,현재 사용할 수 없습니다,Šiuo metu nepasiekiama,Obecnie niedostępne,Şu anda mevcut değil,目前不可用,Attualmente non disponibile,För närvarande inte tillgänglig,For øyeblikket utilgjengelig
VICTORY,Victory,Overwinning,Победа,Sieg,Vitória,Vítězství,Victoria,Voitto,Victoire,勝利,승리,Pergalė,Zwycięstwo,Zafer,胜利,Vittoria,Seger,Seier
DEFEAT,Defeat,Verlies,Поражение,Verlust,Derrota,Porazit,Fracaso,Voittaa,Défaite,敗北,패배시키다,Pralaimėjimas,Pokonać,Yenmek,击败,Sconfitta,Besegra,Nederlag
MATCH_DURATION,Match Duration,Wedstrijdduur,Продолжительность матча,Spieldauer,Duração da partida,Trvání zápasu,Duración del partido,Ottelun kesto,Durée du match,試合時間,경기 시간,Rungtynių trukmė,Czas trwania meczu,Maç Süresi,比赛时长,Durata della partita,Matchens varaktighet,Kampvarighet
CURRENCY_EARNED,Currency Earned,Verdiende valuta,Заработанная валюта,Verdiente Währung,Moeda ganha,Vydělaná měna,Moneda ganada,Ansaittu valuutta,Devises gagnées,獲得した通貨,획득한 화폐,Uždirbta valiuta,Zarobiona waluta,Kazanılan Para Birimi,赚取的货币,Valuta guadagnata,Intjänad valuta,Valuta opptjent
LOCKED,Locked,Vergrendeld,Заблокировано,Gesperrt,Trancado,Zamčeno,Bloqueado,Lukittu,Fermé,ロックされています,잠김,Užrakinta,Zamknięty,Kilitli,已锁定,Bloccato,Låst,Låst
LOCKED_DESCRIPTION,"Certain actions and events will give you progress towards unlocking a new random Power Up. Every time this is unlocked, you will be rewarded with 1x Power Up Refresh.","Bepaalde acties en gebeurtenissen leiden tot het vrijspelen van een nieuwe, willekeurige Power-up. Elke keer dat je deze vrijspeelt, ontvang je 1x Power-up Refresh.","Определённые действия и события будут способствовать разблокировке нового случайного бонуса. Каждый раз, когда он разблокируется, вы будете получать 1x обновление бонуса.","Bestimmte Aktionen und Ereignisse bringen dich dem Freischalten eines neuen, zufälligen Power-Ups näher. Jedes Mal, wenn du dieses freischaltest, erhältst du eine Power-Up-Auffrischung.","Certas ações e eventos lhe darão progresso para desbloquear um novo Poder Aleatório. Cada vez que um Poder Aleatório for desbloqueado, você receberá 1 Recarga de Poder Aleatório.","Určité akce a události vám poskytnou postup k odemčení nového náhodného vylepšení. Pokaždé, když se odemkne, budete odměněni 1x Obnovením vylepšení.","Ciertas acciones y eventos te permitirán avanzar hacia el desbloqueo de un nuevo potenciador aleatorio. Cada vez que lo desbloquees, recibirás una recarga de potenciador.","Tietyt toiminnot ja tapahtumat antavat sinulle edistystä uuden satunnaisen voimansiirron avaamisessa. Joka kerta, kun tämä avataan, saat palkinnoksi yhden voimansiirron päivityksen.","Certaines actions et certains événements vous permettront de progresser vers le déblocage d'un nouveau bonus aléatoire. Chaque fois que vous débloquerez ce bonus, vous recevrez une recharge.",特定のアクションやイベントをこなすことで、ランダムなパワーアップのアンロックに向けて進捗が進みます。アンロックされるたびに、パワーアップリフレッシュが1回付与されます。,특정 행동과 이벤트를 통해 새로운 무작위 파워업을 잠금 해제하는 데 필요한 진행도를 얻을 수 있습니다. 이 파워업을 잠금 해제할 때마다 파워업 갱신 1회가 보상으로 제공됩니다.,"Tam tikri veiksmai ir įvykiai padės jums atrakinti naują atsitiktinį galios padidinimą. Kiekvieną kartą jį atrakinus, būsite apdovanoti 1x galios atnaujinimu.","Niektóre akcje i wydarzenia pozwolą Ci odblokować nowy, losowy Power Up. Za każdym razem, gdy go odblokujesz, otrzymasz nagrodę w postaci 1x Power Up Refresh.","Belirli eylemler ve etkinlikler, yeni bir rastgele Güçlendirmenin kilidini açmanıza yardımcı olacaktır. Bu kilidi her açtığınızda, 1x Güçlendirme Yenilemesi ile ödüllendirileceksiniz.",某些行动和事件将帮助你解锁新的随机强化道具。每次解锁，你将获得1次强化道具刷新奖励。,"Alcune azioni ed eventi ti faranno progredire verso lo sblocco di un nuovo Power Up casuale. Ogni volta che lo sblocchi, verrai ricompensato con 1 Power Up Refresh.",Vissa handlingar och händelser ger dig framsteg mot att låsa upp en ny slumpmässig Power Up. Varje gång denna låses upp belönas du med 1x Power Up-uppdatering.,"Enkelte handlinger og hendelser vil gi deg fremgang mot å låse opp en ny, tilfeldig Power Up. Hver gang denne låses opp, vil du bli belønnet med 1x Power Up-oppdatering."
WARRIOR,Warrior,Strijder,Воин,Krieger,Guerreiro,Bojovník,Guerrero,Soturi,Guerrier,戦士,전사,Karys,Wojownik,Savaşçı,战士,Guerriero,Krigare,Kriger
RANGER,Marksman,Scherpschutter,Стрелок,Schütze,Atirador,Střelec,Tirador escondido,Tarkkailija,Buteur,マークスマン,저격수,Šaulys,Snajper,Nişancı,神射手,Tiratore scelto,Skytt,Skarpskytter
ASSASSIN,Assassin,Moordenaar,Убийца,Attentäter,Assassino,Vrah,Asesino,Salamurhaaja,Assassin,暗殺者,암살자,Žudikas,Morderca,Suikastçı,刺客,Assassino,Mördare,Snikmorder
ENFORCER,Enforcer,Handhaver,Исполнитель,Vollstrecker,Executor,Vymahač,Ejecutor,Valvoja,Exécuteur,執行者,집행자,Vykdytojas,Egzekutor,Uygulayıcı,执法者,Esecutore,Verkställande direktör,Håndhever
TANK,Tank,Tank,Танк,Tank,Tanque,Nádrž,Tanque,Säiliö,Réservoir,タンク,탱크,Tankas,Zbiornik,Tank,坦克,Cisterna,Tank,Tank
MASSHEALER,MassHealer,MassaGenezer,MassHealer,MassHealer,MassHealer,Masový léčitel,Sanador masivo,MassHealer,Guérisseur de masse,マスヒーラー,매스힐러,MassHealer,MassHealer,Kitle Şifacısı,MassHealer,Guaritore di massa,MassHealer,Massehelbreder
BATTLEMAGE,Battlemage,Strijdmagiër,Боевой маг,Kampfmagier,Mago de Batalha,Bojový mág,mago de batalla,Taisteluvelho,Mage de bataille,バトルメイジ,배틀메이지,Kovos magas,Mag bitewny,Savaş Büyücüsü,战斗法师,Mago combattente,Stridsmagiker,Slagmagiker
ARCHDRUID,Archdruid,Aartsdruïde,Архидруид,Erzdruide,Arquidruida,Arcidruid,Archidruida,Arkdruidi,Archidruide,大ドルイド,대드루이드,Archdruidas,Arcydruid,Başdruid,大德鲁伊,Arcidruido,Ärkedruid,Erkedruid
SHAMAN,Shaman,Sjamaan,Шаман,Schamane,Xamã,Šaman,Chamán,Shamaani,Chaman,シャーマン,무녀,Šamanas,Szaman,Şaman,萨满,Sciamano,Schaman,Sjaman
WARRIOR_DESCRIPTION,"Attacks of this unit damages additional units, up to 2 extra units.","Aanvallen van deze eenheid veroorzaken schade aan extra eenheden, tot maximaal 2 extra eenheden.","Атаки этого отряда наносят урон дополнительным отрядам, до 2 дополнительных отрядов.","Angriffe dieser Einheit fügen zusätzlichen Einheiten Schaden zu, bis zu 2 zusätzlichen Einheiten.","Os ataques desta unidade causam dano a unidades adicionais, até um máximo de 2 unidades extras.","Útoky této jednotky poškozují další jednotky, až o 2 jednotky navíc.","Los ataques de esta unidad dañan unidades adicionales, hasta 2 unidades adicionales.","Tämän yksikön hyökkäykset vahingoittavat lisäyksiköitä, enintään kahta lisäyksikköä.","Les attaques de cette unité infligent des dégâts à des unités supplémentaires, jusqu'à 2 unités supplémentaires.",このユニットの攻撃は、最大 2 ユニットまでの追加ユニットにダメージを与えます。,이 유닛의 공격은 최대 2개의 추가 유닛에게 피해를 입힙니다.,"Šio vieneto atakos padaro žalos papildomiems vienetams, iki 2 papildomų vienetų.","Ataki tej jednostki zadają obrażenia innym jednostkom, maksymalnie 2 dodatkowym jednostkom.","Bu birimin saldırıları ek birimlere, en fazla 2 ek birime hasar verir.",该单位的攻击会对额外单位造成伤害，最多可额外伤害 2 个单位。,"Gli attacchi di questa unità danneggiano unità aggiuntive, fino a un massimo di 2 unità extra.","Attacker från denna enhet skadar ytterligare enheter, upp till 2 extra enheter.","Angrep fra denne enheten skader ytterligere enheter, opptil 2 ekstra enheter."
RANGER_DESCRIPTION,"On kill, double the attack speed of this unit for a short time. This unit cannot move during this period.",Bij een kill verdubbelt de aanvalssnelheid van deze eenheid gedurende korte tijd. Gedurende deze periode kan de eenheid niet bewegen.,При убийстве скорость атаки этого отряда на короткое время удваивается. В это время отряд не может двигаться.,Bei einem Kill verdoppelt sich die Angriffsgeschwindigkeit dieser Einheit kurzzeitig. Diese Einheit kann sich währenddessen nicht bewegen.,"Ao eliminar um inimigo, dobre a velocidade de ataque desta unidade por um curto período. Esta unidade não pode se mover durante este período.",Po zabití se na krátkou dobu zdvojnásobí rychlost útoku této jednotky. Během této doby se jednotka nemůže pohybovat.,"Al ser eliminada, la velocidad de ataque de esta unidad se duplica durante un breve periodo. Esta unidad no puede moverse durante este periodo.",Tapon yhteydessä tämän yksikön hyökkäysnopeus kaksinkertaistuu lyhyeksi ajaksi. Tämä yksikkö ei voi liikkua tänä aikana.,"À chaque élimination, double la vitesse d'attaque de cette unité pendant une courte durée. Cette unité ne peut pas se déplacer durant cette période.",キルすると、このユニットの攻撃速度が短時間2倍になる。この間、このユニットは移動できない。,"처치 시, 잠시 동안 이 유닛의 공격 속도가 두 배로 증가합니다. 이 동안 이 유닛은 움직일 수 없습니다.","Nužudžius, trumpam padvigubinkite šio vieneto atakos greitį. Šiuo laikotarpiu vienetas negali judėti.","Po zabiciu, podwaja prędkość ataku tej jednostki na krótki czas. Jednostka nie może się w tym czasie poruszać.","Öldürüldüğünde, bu birimin saldırı hızı kısa bir süreliğine iki katına çıkar. Bu birim bu süre boyunca hareket edemez.",击杀目标后，该单位的攻击速度在短时间内翻倍。在此期间，该单位无法移动。,"Quando viene ucciso, raddoppia la velocità d'attacco di questa unità per un breve periodo. Questa unità non può muoversi durante questo periodo.","Vid dödande, fördubbla enhetens attackhastighet under en kort tid. Enheten kan inte röra sig under denna period.","Ved dreping, dobles angrepshastigheten til denne enheten i en kort periode. Denne enheten kan ikke bevege seg i løpet av denne perioden."
ASSASSIN_DESCRIPTION,"On attack, has a chance to inflict bleeding on the target, armoured targets have a smaller chance to bleed.",Bij een aanval bestaat de kans dat het doelwit gaat bloeden. Bij gepantserde doelen is de kans hierop kleiner.,"При атаке есть шанс вызвать кровотечение у цели, у бронированных целей шанс вызвать кровотечение меньше.","Beim Angriff besteht die Chance, dem Ziel Blutungen zuzufügen; bei gepanzerten Zielen ist die Chance auf Blutungen geringer.","Ao atacar, tem chance de infligir sangramento no alvo; alvos blindados têm uma chance menor de sangrar.","Při útoku má šanci způsobit cíli krvácení, obrněné cíle mají menší šanci krvácet.","Al atacar, existe la posibilidad de infligir sangrado al objetivo; los objetivos blindados tienen una menor probabilidad de sangrar.","Hyökkäyksessä on mahdollisuus aiheuttaa kohteelle verenvuotoa, panssaroiduilla kohteilla on pienempi riski vuotaa verta.","Lors d'une attaque, il y a une chance d'infliger un saignement à la cible ; les cibles blindées ont une chance moindre de saigner.",攻撃時にターゲットに出血を与える可能性があり、装甲ターゲットの場合は出血する可能性が低くなります。,"공격 시 대상에게 출혈을 일으킬 확률이 있으며, 갑옷을 입은 대상에게는 출혈을 일으킬 확률이 낮습니다.","Puolimo metu yra tikimybė sukelti kraujavimą taikiniui, šarvuotiems taikiniams tikimybė kraujuoti yra mažesnė.",Podczas ataku istnieje szansa na wywołanie krwawienia u celu. Cele opancerzone mają mniejszą szansę na krwawienie.,"Saldırıda, hedefte kanamaya neden olma şansı vardır, zırhlı hedeflerin kanamaya maruz kalma şansı daha düşüktür.",攻击时有几率使目标流血，对身穿盔甲的目标流血的几率较小。,"In caso di attacco, ha la possibilità di infliggere sanguinamento al bersaglio; i bersagli corazzati hanno una probabilità minore di sanguinare.","Vid attack har en chans att orsaka blödning på målet, bepansrade mål har en mindre chans att blöda.","Ved angrep har den en sjanse til å påføre målet blødning, mens pansrede mål har mindre sjanse til å blø."
ENFORCER_DESCRIPTION,"On attack, has a chance to stun the target for a short amount of time.",Bij een aanval heeft dit de kans om het doelwit voor korte tijd te verdoven.,При атаке есть шанс оглушить цель на короткий промежуток времени.,"Beim Angriff besteht die Chance, das Ziel für kurze Zeit zu betäuben.","Ao atacar, tem uma chance de atordoar o alvo por um curto período de tempo.",Při útoku má šanci cíl na krátkou dobu omráčit.,"Al atacar, tiene la posibilidad de aturdir al objetivo durante un breve periodo de tiempo.",Hyökkäyksessä on mahdollisuus tainnuttaa kohde lyhyeksi ajaksi.,"Lors d'une attaque, a une chance d'étourdir la cible pendant une courte durée.",攻撃時、ターゲットを短時間スタンさせる可能性があります。,"공격 시, 짧은 시간 동안 대상을 기절시킬 확률이 있습니다.",Puolimo metu turi galimybę trumpam apsvaiginti taikinį.,Podczas ataku ma szansę ogłuszyć cel na krótki czas.,"Saldırıda, hedefi kısa bir süreliğine sersemletme şansı vardır.",攻击时，有几率使目标短暂眩晕。,"In attacco, ha la possibilità di stordire il bersaglio per un breve periodo di tempo.",Har vid attack en chans att bedöva målet under en kort tid.,Har ved angrep en sjanse til å lamme målet i en kort periode.
TANK_DESCRIPTION,"On attack, has a chance to increase the attack speed of up to 2 units behind this.",Bij een aanval is er een kans om de aanvalssnelheid van maximaal 2 eenheden achter je te verhogen.,При атаке имеет шанс увеличить скорость атаки до 2 единиц позади себя.,"Beim Angriff besteht die Chance, die Angriffsgeschwindigkeit von bis zu 2 Einheiten hinter dieser Einheit zu erhöhen.","Ao atacar, tem uma chance de aumentar a velocidade de ataque de até 2 unidades atrás dele.",Při útoku má šanci zvýšit rychlost útoku až o 2 jednotky za tímto úderem.,"Al atacar, tiene la posibilidad de aumentar la velocidad de ataque de hasta 2 unidades detrás de esta.",Hyökkäyksessä on mahdollisuus lisätä hyökkäysnopeutta jopa kahdella yksiköllä tämän takana.,"Lors d'une attaque, a une chance d'augmenter la vitesse d'attaque de jusqu'à 2 unités derrière lui.",攻撃時、背後にいるユニット最大 2 体の攻撃速度を上昇させるチャンスがあります。,"공격 시, 자신보다 뒤에 있는 최대 2개 유닛의 공격 속도를 증가시킬 확률이 있습니다.",Puolimo metu turi galimybę padidinti atakos greitį iki 2 vienetais už šio.,Podczas ataku ma szansę na zwiększenie szybkości ataku nawet o 2 jednostki za sobą.,"Saldırıda, arkasındaki 2 birime kadar saldırı hızını artırma şansı vardır.",攻击时，有几率提升其后方最多 2 个单位的攻击速度。,"In attacco, ha la possibilità di aumentare la velocità di attacco fino a 2 unità dietro di essa.",Vid attack har den en chans att öka attackhastigheten med upp till 2 enheter bakom detta.,Har en sjanse til å øke angrepshastigheten med opptil 2 enheter bak dette ved angrep.
MASSHEALER_DESCRIPTION,"Can't attack, heals up to 6 allies (plus self) around this unit at once. On spawn, Heal all allied units that are currently on the battlefield.","Kan niet aanvallen, geneest maximaal 6 bondgenoten (plus jezelf) rond deze eenheid tegelijk. Geneest bij het spawnen alle geallieerde eenheden die zich op het slagveld bevinden.","Не может атаковать, исцеляет до 6 союзников (и себя) вокруг этого отряда одновременно. При появлении исцеляет всех союзных отрядов, находящихся на поле боя.","Kann nicht angreifen, heilt bis zu 6 Verbündete (plus sich selbst) in der Nähe dieser Einheit gleichzeitig. Beim Erscheinen: Heilt alle verbündeten Einheiten auf dem Schlachtfeld.","Não pode atacar, mas cura até 6 aliados (mais a si mesmo) ao redor desta unidade simultaneamente. Ao surgir, cura todas as unidades aliadas que estão atualmente no campo de batalha.","Nelze útočit, vyléčí až 6 spojenců (plus sebe) kolem této jednotky najednou. Při objevení vyléčí všechny spojenecké jednotky, které se aktuálně nacházejí na bojišti.","No puede atacar, cura hasta 6 aliados (además de sí mismo) a su alrededor a la vez. Al aparecer, cura a todas las unidades aliadas que se encuentren en el campo de batalla.","Ei voi hyökätä, parantaa jopa kuutta liittolaista (ja itsensä) tämän yksikön ympärillä samanaikaisesti. Ilmestyessään parantaa kaikki taistelukentällä olevat liittolaisyksiköt.","Incapable d'attaquer, soigne jusqu'à 6 alliés (plus lui-même) autour de cette unité simultanément. À son apparition, soigne toutes les unités alliées présentes sur le champ de bataille.",攻撃不可。このユニットの周囲の味方ユニット最大6体（および自身）を一度に回復する。出現時、戦場にいる味方ユニットすべてを回復する。,"공격 불가, 주변 아군 최대 6명(자신 포함)을 동시에 치유합니다. 생성 시, 전장에 있는 모든 아군 유닛을 치유합니다.","Negali atakuoti, gydo iki 6 sąjungininkų (plius save) aplink šį vienetą vienu metu. Pasirodžius gydo visus sąjungininkų vienetus, kurie šiuo metu yra mūšio lauke.","Nie może atakować, leczy do 6 sojuszników (plus siebie) wokół tej jednostki jednocześnie. Po pojawieniu się leczy wszystkie sojusznicze jednostki znajdujące się aktualnie na polu bitwy.","Saldıramaz, bu birimin etrafındaki 6 müttefiki (ve kendini) aynı anda iyileştirir. Doğduğunda, savaş alanında bulunan tüm müttefik birimleri iyileştirir.",无法攻击，可同时治疗周围最多6名友军单位（包括自身）。生成时，治疗战场上所有友军单位。,"Non può attaccare, cura fino a 6 alleati (più se stesso) attorno a questa unità contemporaneamente. Alla sua comparsa, cura tutte le unità alleate attualmente presenti sul campo di battaglia.","Kan inte attackera, helar upp till 6 allierade (plus sig själv) runt den här enheten samtidigt. Vid spawn, läker alla allierade enheter som för närvarande befinner sig på slagfältet.","Kan ikke angripe, helbreder opptil 6 allierte (pluss seg selv) rundt denne enheten samtidig. Ved spawn, helbred alle allierte enheter som for øyeblikket er på slagmarken."
BATTLEMAGE_DESCRIPTION,"After 3 regular attacks, unleash a very powerful magic attack that deals damage to up to 3 units.",Na 3 normale aanvallen voer je een zeer krachtige magische aanval uit die schade toebrengt aan maximaal 3 eenheden.,"После 3 обычных атак вы проводите мощнейшую магическую атаку, наносящую урон до 3 единиц.","Nach 3 normalen Angriffen wird ein sehr mächtiger Magieangriff entfesselt, der bis zu 3 Einheiten Schaden zufügt.","Após 3 ataques normais, desferir um ataque mágico muito poderoso que causa dano a até 3 unidades.","Po 3 běžných útocích uvolněte velmi silný magický útok, který způsobí poškození až 3 jednotkám.","Después de 3 ataques normales, desata un ataque mágico muy poderoso que inflige daño a hasta 3 unidades.","Kolmen tavallisen hyökkäyksen jälkeen laukaise erittäin voimakas maaginen hyökkäys, joka aiheuttaa vahinkoa jopa kolmelle yksikölle.","Après 3 attaques normales, déclenchez une attaque magique très puissante qui inflige des dégâts à un maximum de 3 unités.",3 回の通常攻撃の後、最大 3 体のユニットにダメージを与える非常に強力な魔法攻撃を繰り出します。,"3번의 일반 공격 후, 최대 3개의 유닛에 피해를 입히는 매우 강력한 마법 공격을 펼칩니다.","Po 3 įprastų atakų paleiskite labai galingą magišką ataką, kuri padarys žalos iki 3 vienetų.","Po 3 standardowych atakach wykonaj potężny atak magiczny, który zadaje obrażenia maksymalnie 3 jednostkom.","3 normal saldırıdan sonra, 3 üniteye kadar hasar veren çok güçlü bir büyü saldırısı başlat.",经过 3 次普通攻击后，释放威力强大的魔法攻击，对最多 3 个单位造成伤害。,"Dopo 3 attacchi normali, scatena un attacco magico molto potente che infligge danni fino a 3 unità.","Efter 3 vanliga attacker, släpp lös en mycket kraftfull magisk attack som gör skada på upp till 3 enheter.","Etter 3 vanlige angrep, slipp løs et veldig kraftig magisk angrep som gjør skade på opptil 3 enheter."
ARCHDRUID_DESCRIPTION,Can transform into a very powerful Melee and Ranged unit.,Kan transformeren in een zeer krachtige Melee- en Ranged-eenheid.,Может трансформироваться в очень мощное подразделение ближнего и дальнего боя.,Kann sich in eine sehr mächtige Nah- und Fernkampfeinheit verwandeln.,Pode se transformar em uma unidade de combate corpo a corpo e à distância muito poderosa.,Může se proměnit ve velmi silnou jednotku pro boj zblízka i na dálku.,Puede transformarse en una unidad de combate cuerpo a cuerpo y a distancia muy poderosa.,Voi muuttua erittäin voimakkaaksi lähi- ja kaukotaisteluyksiköksi.,Peut se transformer en une unité de mêlée et à distance très puissante.,非常に強力な近接および遠隔ユニットに変身できます。,매우 강력한 근접 및 원거리 유닛으로 변신할 수 있습니다.,Gali transformuotis į labai galingą artimojo ir nuotolinio kovos vienetą.,Może przekształcić się w bardzo potężną jednostkę walczącą wręcz i na dystans.,Çok güçlü bir Yakın ve Menzilli birime dönüşebilir.,可以变身为非常强大的近战和远程单位。,Può trasformarsi in un'unità molto potente per il combattimento corpo a corpo e a distanza.,Kan förvandlas till en mycket kraftfull närstrids- och distansenhet.,Kan forvandles til en veldig kraftig nærkamp- og avstandsenhet.
SHAMAN_DESCRIPTION,"While alive on the battlefield, enhance your special Age power. (Age 1: increase the amount of meteors spawned by 1)",Versterk je speciale Tijdperkkracht terwijl je op het slagveld leeft. (Tijdperk 1: verhoog het aantal meteoren dat wordt voortgebracht met 1),"Пока вы живы на поле боя, улучшите свою особую силу Эпохи. (Эпоха 1: увеличьте количество создаваемых метеоров на 1).","Verbessere deine spezielle Zeitalter-Fähigkeit, solange du auf dem Schlachtfeld lebst. (Zeitalter 1: Erhöht die Anzahl der erzeugten Meteore um 1)","Enquanto estiver vivo no campo de batalha, aprimore seu poder especial de Era. (Era 1: aumenta em 1 a quantidade de meteoros gerados)",Během života na bojišti si vylepšete svou speciální schopnost Věku. (Věk 1: zvýšíte počet vygenerovaných meteorů o 1),"Mientras estés vivo en el campo de batalla, mejora tu poder especial de Era. (Era 1: aumenta en 1 la cantidad de meteoritos generados).",Paranna erityistä aikakauden voimaasi taistelukentällä ollessasi. (Ikä 1: lisää meteorien määrää yhdellä.),"Tant que vous êtes en vie sur le champ de bataille, renforcez votre pouvoir spécial de l'Âge. (Âge 1 : augmentez de 1 le nombre de météores générés)",戦場で生きている間、特別な時代パワーを強化します。（時代1：隕石の出現数が1増加）,전장에서 생존하는 동안 특수한 시대 능력을 강화하세요. (1시대: 생성되는 유성 수가 1개 증가합니다.),"Būdami gyvas mūšio lauke, sustiprinkite savo ypatingą amžiaus galią. (1 amžius: padidinkite meteorų kiekį 1).","Żyjąc na polu bitwy, zwiększ swoją specjalną moc danej epoki. (Era 1: zwiększ liczbę generowanych meteorów o 1)",Savaş alanında hayattayken özel Çağ gücünüzü artırın. (Çağ 1: ortaya çıkan meteor sayısını 1 artırın),在战场上存活时，强化你的特殊时代能力。（时代1：增加1颗陨石的生成数量）,"Mentre sei in vita sul campo di battaglia, potenzia il tuo potere speciale dell'Età. (Età 1: aumenta di 1 la quantità di meteore generate)","Medan du lever på slagfältet, förstärk din specialålderskraft. (Ålder 1: öka antalet meteorer som skapas med 1)","Mens du er i live på slagmarken, forsterk din spesielle tidsalderkraft. (Alder 1: øk mengden meteorer som genereres med 1)"
HARD_WORK,Hard Work,Hard werken,Тяжелая работа,Harte Arbeit,Trabalho duro,Tvrdá práce,Trabajo duro,Kova työ,Travail acharné,ハードワーク,노력,Sunkus darbas,Ciężka praca,Sıkı Çalışma,努力工作,Lavoro duro,Hårt arbete,Hardt arbeid
HARD_WORK_DESCRIPTION,"Upgrade the tools of your gold worker worms, making it easier for them to gather gold for you. Increasing your gold production rate by 20%.","Upgrade de gereedschappen van je goudwerkerwormen, waardoor ze gemakkelijker goud voor je kunnen verzamelen. Verhoog je goudproductie met 20%.","Улучшайте инструменты ваших червей-золотодобытчиков, чтобы им было проще добывать золото. Это увеличит скорость добычи золота на 20%.","Verbessere die Werkzeuge deiner Goldarbeiterwürmer, damit sie leichter Gold für dich sammeln können. Dadurch erhöht sich deine Goldproduktionsrate um 20 %.","Melhore as ferramentas de suas minhocas operárias de ouro, facilitando a coleta de ouro para você. Isso aumentará sua taxa de produção de ouro em 20%.","Vylepšete nástroje svých červů, kteří se podílejí na sběru zlata, a usnadníte jim tak sběr zlata. Zvýšíte si tak rychlost produkce zlata o 20 %.",Mejora las herramientas de tus gusanos recolectores de oro para que les resulte más fácil recolectar oro. Esto aumentará tu producción de oro en un 20 %.,"Päivitä kultatyöläismadojesi työkaluja, jotta niiden on helpompi kerätä kultaa puolestasi. Lisäät kullantuotantoasi 20 %.",Améliorez les outils de vos vers orpailleurs pour faciliter leur travail et augmenter votre production d'or de 20 %.,ゴールドワーカーワームのツールをアップグレードすると、ゴールドを集めやすくなります。ゴールドの生産率が20%上昇します。,골드 워커 웜의 도구를 업그레이드하여 골드를 더 쉽게 모을 수 있도록 하세요. 골드 생산량이 20% 증가합니다.,"Patobulinkite savo aukso dirbėjų kirminų įrankius, kad jiems būtų lengviau rinkti jums auksą. Padidinkite savo aukso gamybos greitį 20%.","Ulepsz narzędzia swoich robaków-złotników, aby ułatwić im zbieranie złota dla Ciebie. Zwiększysz tempo produkcji złota o 20%.",Altın işçisi solucanlarınızın araçlarını geliştirerek sizin için altın toplamalarını kolaylaştırın. Altın üretim oranınızı %20 artırın.,升级你的金工蠕虫的工具，让它们更容易为你采集黄金，从而提高黄金产量20%。,"Potenzia gli strumenti dei tuoi vermi lavoratori dell'oro, rendendo più facile per loro raccogliere oro per te. Aumenterai il tuo tasso di produzione di oro del 20%.","Uppgradera verktygen på dina guldarbetarmaskar, vilket gör det lättare för dem att samla guld åt dig. Öka din guldproduktionshastighet med 20%.","Oppgrader verktøyene til gullarbeiderormene dine, slik at det blir enklere for dem å samle gull for deg. Øk gullproduksjonsraten din med 20 %."
SHAMAN_PARTY,Shaman Party,Sjamanenfeest,Шаманская вечеринка,Schamanenparty,Festa Xamã,Šamanská párty,Fiesta de chamanes,Shamaanipuolue,Fête des chamans,シャーマンパーティー,샤먼 파티,Šamanų partija,Impreza szamańska,Şaman Partisi,萨满派对,Festa dello Sciamano,Shamanpartiet,Sjamanpartiet
SHAMAN_PARTY_DESCRIPTION,Another Master Shaman will join your settlement. Increasing your Age Ability Empowerment by 1.,Een andere Meestersjamaan zal zich bij je nederzetting voegen. Je Age Ability Empowerment wordt met 1 verhoogd.,К вашему поселению присоединится ещё один Мастер-Шаман. Увеличивает силу способности «Возраст» на 1.,Ein weiterer Meisterschamane wird sich eurer Siedlung anschließen. Dadurch erhöht sich eure Fähigkeitsverstärkung im Alter um 1.,"Outro Mestre Xamã se juntará ao seu assentamento, aumentando seu Poder de Habilidade de Idade em 1.",K vaší osadě se připojí další mistr šaman. Zvýší se vám Posílení schopností podle věku o 1.,"Otro Maestro Chamán se unirá a tu asentamiento, aumentando tu Potenciación de Habilidad de Edad en 1.",Uusi mestarishamaani liittyy asutuskeskukseesi. Ikä- ja kykyvoimasi kasvavat yhdellä.,"Un autre maître chaman rejoindra votre colonie, augmentant ainsi votre bonus de puissance lié à l'âge de 1.",新たなマスターシャーマンがあなたの集落に加わります。年齢による能力強化が1増加します。,또 다른 마스터 샤먼이 당신의 정착지에 합류합니다. 나이 능력 강화 효과가 1만큼 증가합니다.,Prie jūsų gyvenvietės prisijungs dar vienas šamanų meistras. Jūsų amžiaus gebėjimų įgalinimas padidės 1.,Do twojej osady dołączy kolejny Mistrz Szamanizmu. Zwiększa to twoją Moc Wieku o 1.,Yerleşiminize başka bir Usta Şaman katılacak. Yaş Yetenek Güçlendirmenizi 1 artıracak.,另一位萨满大师将加入你的营地。你的年龄能力强化值提升1点。,Un altro Maestro Sciamano si unirà al tuo insediamento. Aumenterà di 1 il tuo Potenziamento Abilità Età.,En annan Mästarshaman kommer att ansluta sig till din bosättning. Ökar din åldersförmåga med 1.,En annen mester-sjaman vil bli med i bosetningen din. Øker aldersevnen din med 1.
QUICK_REPAIRS,Quick Repairs,Snelle reparaties,Быстрый ремонт,Schnelle Reparaturen,Reparos rápidos,Rychlé opravy,Reparaciones rápidas,Pikakorjaukset,Réparations rapides,クイック修理,빠른 수리,Greitas remontas,Szybkie naprawy,Hızlı Onarımlar,快速维修,Riparazioni rapide,Snabba reparationer,Raske reparasjoner
QUICK_REPAIRS_DESCRIPTION,Call in the repair crew to repair the damages done to your Home Base. Repairs up to 100 health of your Home Base. (Does not heal over the max health).,Roep de reparatieploeg in om de schade aan je thuisbasis te herstellen. Herstelt tot 100 levenspunten van je thuisbasis. (Geneest niet boven de maximale levenspunten).,Вызовите ремонтную бригаду для устранения повреждений вашей базы. Восстанавливает до 100 единиц здоровья вашей базы. (Не лечит здоровье сверх максимального).,"Rufe das Reparaturteam, um die Schäden an deiner Heimatbasis zu beheben. Stellt bis zu 100 Gesundheitspunkte deiner Heimatbasis wieder her. (Heilt nicht über die maximale Gesundheit hinaus.)",Chame a equipe de reparos para consertar os danos causados ​​à sua Base Inicial. Restaura até 100 pontos de vida da sua Base Inicial. (Não restaura mais do que a vida máxima).,"Zavolejte opravářský tým, aby opravil škody způsobené vaší domovské základně. Opraví až 100 bodů zdraví vaší domovské základny. (Neléčí se nad maximální hodnotu zdraví).",Llama al equipo de reparación para que repare los daños causados ​​a tu base. Repara hasta 100 puntos de salud de tu base. (No repara por encima del máximo de salud).,Kutsu korjausmiehistö korjaamaan Home Base -tukikohtaasi aiheutuneet vahingot. Korjaa Home Base -tukikohtaasi jopa 100 elämänpisteellä. (Ei paranna yli maksimielämänpisteen.),Faites appel à l'équipe de réparation pour réparer les dégâts subis par votre base. Les réparations permettent de restaurer jusqu'à 100 points de vie à votre base (ne dépasse pas la santé maximale).,修理班を呼び出して、ホームベースのダメージを修理しましょう。ホームベースの体力は最大100まで回復します。（最大体力を超えて回復することはありません。）,수리반을 불러 홈베이스의 피해를 수리하세요. 홈베이스의 체력을 최대 100까지 회복합니다. (최대 체력을 초과하여 회복되지 않습니다.),"Iškvieskite remonto komandą, kad pataisytų jūsų namų bazės padarytą žalą. Pataiso iki 100 jūsų namų bazės gyvybių. (Negydo viršijus maksimalią gyvybės ribą.)","Wezwij ekipę naprawczą, aby naprawić szkody wyrządzone w Twojej Bazie Głównej. Naprawia do 100 punktów zdrowia Twojej Bazy Głównej. (Nie leczy powyżej maksymalnego poziomu zdrowia).",Ev Üssünüzde oluşan hasarları onarmak için onarım ekibini çağırın. Ev Üssünüzün canını 100'e kadar onarır. (Maksimum canın üzerinde iyileştirme yapmaz.),呼叫维修队修复你的基地受损情况。最多可修复100点基地生命值。（不会超过最大生命值上限。）,Chiama la squadra di riparazione per riparare i danni arrecati alla tua base. Ripara fino a 100 punti salute della tua base. (Non cura oltre il limite massimo di salute).,Ring in reparationspersonalen för att reparera skadorna på din hemmabas. Reparerar upp till 100 % hälsa på din hemmabas. (Läker inte över maximal hälsa).,Tilkall reparasjonsmannskapet for å reparere skadene på hjemmebasen din. Reparerer opptil 100 % helse på hjemmebasen din. (Generer ikke over maksimal helse).
MINUTES,Minutes,Minuten,Минуты,Minuten,Minutos,Zápis,Minutos,Minuutit,Minutes,分,분,Minutės,Protokół,Dakikalar,分钟,Minuti,Minuter,Minutter
SECONDS,Seconds,Seconden,Секунды,Sekunden,Segundos,Sekundy,Artículos de segunda clase,Sekuntia,Secondes,秒,초,Sekundės,Towary drugiej jakości,Saniyeler,秒,Secondi,Sekunder,Sekunder
READY,Ready,Klaar,Готовый,Bereit,Preparar,Připraveno,Listo,Valmis,Prêt,準備ができて,준비가 된,Pasiruošęs,Gotowy,Hazır,准备好,Pronto,Redo,Ferdig
GAMEPAD_WARNING,Gamepad Changed!,Gamepad veranderd!,Геймпад поменян!,Gamepad gewechselt!,Controle de jogo alterado!,Gamepad vyměněn!,¡Mando cambiado!,Peliohjain vaihdettu!,Manette de jeu changée !,ゲームパッドが変更されました!,게임패드가 바뀌었어요!,Žaidimų pultas pakeistas!,Zmiana gamepada!,Gamepad Değişti!,游戏手柄已更换！,Gamepad cambiato!,Gamepad bytt!,Gamepad byttet!
GAMEPAD_WARNING_DESCRIPTION_DISCONNECT,Your gamepad (controller) has disconnected! ,De verbinding met uw gamepad (controller) is verbroken!,Ваш геймпад (контроллер) отключился!,Ihr Gamepad (Controller) hat die Verbindung getrennt!,Seu gamepad (controle) foi desconectado!,Váš gamepad (ovladač) se odpojil!,¡Tu mando (controlador) se ha desconectado!,Peliohjaimesi (peliohjain) on irrotettu!,Votre manette de jeu (contrôleur) a été déconnectée !,ゲームパッド（コントローラー）が切断されました。,게임패드(컨트롤러) 연결이 끊어졌습니다!,Jūsų žaidimų pultas (valdiklis) atjungtas!,Twój gamepad (kontroler) został rozłączony!,Gamepad'iniz (kumandanız) bağlantısı kesildi!,您的游戏手柄（控制器）已断开连接！,Il tuo gamepad (controller) si è disconnesso!,Din gamepad (kontroll) har kopplats bort!,Gamepaden (kontrolleren) din har koblet seg fra!
GAMEPAD_WARNING_DESCRIPTION_CONNECT,A gamepad (controller) has been connected. ,Er is een gamepad (controller) aangesloten.,Подключен геймпад (контроллер).,Ein Gamepad (Controller) wurde angeschlossen.,Um gamepad (controle) foi conectado.,Byl připojen gamepad (ovladač).,Se ha conectado un mando (controlador).,Peliohjain (peliohjain) on kytketty.,Une manette de jeu a été connectée.,ゲームパッド（コントローラー）が接続されました。,게임패드(컨트롤러)가 연결되었습니다.,Prijungtas žaidimų pultas (valdiklis).,Podłączono gamepad (kontroler).,Bir gamepad (kumanda) bağlandı.,游戏手柄（控制器）已连接。,È stato collegato un gamepad (controller).,En gamepad (kontroll) har anslutits.,En gamepad (kontroller) er koblet til.